{
  "title": "Cross-Platform Performance Comparison - macos_apple_silicon",
  "generated_at": 1759133743.145267,
  "system_info": {
    "platform_type": "macos_apple_silicon",
    "cpu_count": 14,
    "memory_total": 38654705664,
    "gpu_info": {
      "available": false
    }
  },
  "summary_stats": {
    "cpu_numpy": {
      "avg_execution_time": 1.3061271319165826,
      "min_execution_time": 0.0010998125071637332,
      "max_execution_time": 6.605596228997456,
      "avg_throughput": 310507.0428901362,
      "max_throughput": 909245.8882640495,
      "avg_memory_peak": 442368,
      "total_tests": 6
    }
  },
  "recommendations": [
    "Fastest overall backend: cpu_numpy",
    "Highest throughput backend: cpu_numpy",
    "Most memory efficient backend: cpu_numpy"
  ],
  "results": [
    {
      "backend_type": "cpu_numpy",
      "circuit_qubits": 5,
      "circuit_depth": 10,
      "shots": 1000,
      "execution_time": 0.0010998125071637332,
      "memory_peak": 8192,
      "throughput": 909245.8882640495,
      "timestamp": 1759133719.646077,
      "metadata": {
        "execution_times": [
          0.0006074580014683306,
          0.0015921670128591359
        ],
        "memory_peaks": [
          16384,
          0
        ],
        "iterations": 2
      }
    },
    {
      "backend_type": "cpu_numpy",
      "circuit_qubits": 5,
      "circuit_depth": 50,
      "shots": 1000,
      "execution_time": 0.00776960450457409,
      "memory_peak": 24576,
      "throughput": 128706.67991032028,
      "timestamp": 1759133719.6752598,
      "metadata": {
        "execution_times": [
          0.011201584013178945,
          0.004337624995969236
        ],
        "memory_peaks": [
          16384,
          32768
        ],
        "iterations": 2
      }
    },
    {
      "backend_type": "cpu_numpy",
      "circuit_qubits": 10,
      "circuit_depth": 10,
      "shots": 1000,
      "execution_time": 0.001284937490709126,
      "memory_peak": 24576,
      "throughput": 778247.974886408,
      "timestamp": 1759133719.680104,
      "metadata": {
        "execution_times": [
          0.001289249979890883,
          0.001280625001527369
        ],
        "memory_peaks": [
          32768,
          16384
        ],
        "iterations": 2
      }
    },
    {
      "backend_type": "cpu_numpy",
      "circuit_qubits": 10,
      "circuit_depth": 50,
      "shots": 1000,
      "execution_time": 0.02180718700401485,
      "memory_peak": 278528,
      "throughput": 45856.44172335906,
      "timestamp": 1759133719.733836,
      "metadata": {
        "execution_times": [
          0.018363290990237147,
          0.025251083017792553
        ],
        "memory_peaks": [
          262144,
          294912
        ],
        "iterations": 2
      }
    },
    {
      "backend_type": "cpu_numpy",
      "circuit_qubits": 15,
      "circuit_depth": 10,
      "shots": 1000,
      "execution_time": 1.1992050209955778,
      "memory_peak": 2203648,
      "throughput": 833.8857680647483,
      "timestamp": 1759133723.3284879,
      "metadata": {
        "execution_times": [
          1.1919859999907203,
          1.2064240420004353
        ],
        "memory_peaks": [
          2244608,
          2162688
        ],
        "iterations": 2
      }
    },
    {
      "backend_type": "cpu_numpy",
      "circuit_qubits": 15,
      "circuit_depth": 50,
      "shots": 1000,
      "execution_time": 6.605596228997456,
      "memory_peak": 114688,
      "throughput": 151.3867886157147,
      "timestamp": 1759133743.145209,
      "metadata": {
        "execution_times": [
          6.8619680409901775,
          6.349224417004734
        ],
        "memory_peaks": [
          98304,
          131072
        ],
        "iterations": 2
      }
    }
  ]
}