{
  "title": "Cross-Platform Performance Comparison - macos_apple_silicon",
  "generated_at": 1759132716.027358,
  "system_info": {
    "platform_type": "macos_apple_silicon",
    "cpu_count": 14,
    "memory_total": 38654705664,
    "gpu_info": {
      "available": false
    }
  },
  "summary_stats": {
    "cpu_numpy": {
      "avg_execution_time": 1.2848873992600904,
      "min_execution_time": 0.00059618751402013,
      "max_execution_time": 6.703017208506935,
      "avg_throughput": 510655.08997112705,
      "max_throughput": 1677324.6277114006,
      "avg_memory_peak": 925696,
      "total_tests": 6
    }
  },
  "recommendations": [
    "Fastest overall backend: cpu_numpy",
    "Highest throughput backend: cpu_numpy",
    "Most memory efficient backend: cpu_numpy"
  ],
  "results": [
    {
      "backend_type": "cpu_numpy",
      "circuit_qubits": 5,
      "circuit_depth": 10,
      "shots": 1000,
      "execution_time": 0.00059618751402013,
      "memory_peak": 16384,
      "throughput": 1677324.6277114006,
      "timestamp": 1759132693.878792,
      "metadata": {
        "execution_times": [
          0.0006136670126579702,
          0.0005787080153822899
        ],
        "memory_peaks": [
          16384,
          16384
        ],
        "iterations": 2
      }
    },
    {
      "backend_type": "cpu_numpy",
      "circuit_qubits": 5,
      "circuit_depth": 50,
      "shots": 1000,
      "execution_time": 0.0022925210068933666,
      "memory_peak": 16384,
      "throughput": 436201.019311538,
      "timestamp": 1759132693.887834,
      "metadata": {
        "execution_times": [
          0.002320125000551343,
          0.00226491701323539
        ],
        "memory_peaks": [
          16384,
          16384
        ],
        "iterations": 2
      }
    },
    {
      "backend_type": "cpu_numpy",
      "circuit_qubits": 10,
      "circuit_depth": 10,
      "shots": 1000,
      "execution_time": 0.0012550000101327896,
      "memory_peak": 16384,
      "throughput": 796812.742570569,
      "timestamp": 1759132693.892468,
      "metadata": {
        "execution_times": [
          0.0012674170138780028,
          0.0012425830063875765
        ],
        "memory_peaks": [
          16384,
          16384
        ],
        "iterations": 2
      }
    },
    {
      "backend_type": "cpu_numpy",
      "circuit_qubits": 10,
      "circuit_depth": 50,
      "shots": 1000,
      "execution_time": 0.006560020512552001,
      "memory_peak": 40960,
      "throughput": 152438.54772810408,
      "timestamp": 1759132693.9160252,
      "metadata": {
        "execution_times": [
          0.006517250003525987,
          0.006602791021578014
        ],
        "memory_peaks": [
          49152,
          32768
        ],
        "iterations": 2
      }
    },
    {
      "backend_type": "cpu_numpy",
      "circuit_qubits": 15,
      "circuit_depth": 10,
      "shots": 1000,
      "execution_time": 0.9956034580100095,
      "memory_peak": 5087232,
      "throughput": 1004.4159569300595,
      "timestamp": 1759132696.043692,
      "metadata": {
        "execution_times": [
          0.7457767080049962,
          1.2454302080150228
        ],
        "memory_peaks": [
          9289728,
          884736
        ],
        "iterations": 2
      }
    },
    {
      "backend_type": "cpu_numpy",
      "circuit_qubits": 15,
      "circuit_depth": 50,
      "shots": 1000,
      "execution_time": 6.703017208506935,
      "memory_peak": 376832,
      "throughput": 149.18654822053563,
      "timestamp": 1759132716.027256,
      "metadata": {
        "execution_times": [
          6.726484292012174,
          6.679550125001697
        ],
        "memory_peaks": [
          573440,
          180224
        ],
        "iterations": 2
      }
    }
  ]
}