{
  "title": "Cross-Platform Performance Comparison - macos_apple_silicon",
  "generated_at": 1759133353.791322,
  "system_info": {
    "platform_type": "macos_apple_silicon",
    "cpu_count": 14,
    "memory_total": 38654705664,
    "gpu_info": {
      "available": false
    }
  },
  "summary_stats": {
    "cpu_numpy": {
      "avg_execution_time": 1.2502993368301152,
      "min_execution_time": 0.0006140210025478154,
      "max_execution_time": 6.325386020485894,
      "avg_throughput": 503587.4815838616,
      "max_throughput": 1628608.786752579,
      "avg_memory_peak": 438272,
      "total_tests": 6
    }
  },
  "recommendations": [
    "Fastest overall backend: cpu_numpy",
    "Highest throughput backend: cpu_numpy",
    "Most memory efficient backend: cpu_numpy"
  ],
  "results": [
    {
      "backend_type": "cpu_numpy",
      "circuit_qubits": 5,
      "circuit_depth": 10,
      "shots": 1000,
      "execution_time": 0.0006140210025478154,
      "memory_peak": 8192,
      "throughput": 1628608.786752579,
      "timestamp": 1759133331.453536,
      "metadata": {
        "execution_times": [
          0.0006362500134855509,
          0.00059179199161008
        ],
        "memory_peaks": [
          16384,
          0
        ],
        "iterations": 2
      }
    },
    {
      "backend_type": "cpu_numpy",
      "circuit_qubits": 5,
      "circuit_depth": 50,
      "shots": 1000,
      "execution_time": 0.0022531454887939617,
      "memory_peak": 24576,
      "throughput": 443823.9807298324,
      "timestamp": 1759133331.462142,
      "metadata": {
        "execution_times": [
          0.0022806249908171594,
          0.002225665986770764
        ],
        "memory_peaks": [
          32768,
          16384
        ],
        "iterations": 2
      }
    },
    {
      "backend_type": "cpu_numpy",
      "circuit_qubits": 10,
      "circuit_depth": 10,
      "shots": 1000,
      "execution_time": 0.0012601670023286715,
      "memory_peak": 16384,
      "throughput": 793545.6159001886,
      "timestamp": 1759133331.466774,
      "metadata": {
        "execution_times": [
          0.001267166982870549,
          0.001253167021786794
        ],
        "memory_peaks": [
          16384,
          16384
        ],
        "iterations": 2
      }
    },
    {
      "backend_type": "cpu_numpy",
      "circuit_qubits": 10,
      "circuit_depth": 50,
      "shots": 1000,
      "execution_time": 0.006471208500443026,
      "memory_peak": 32768,
      "throughput": 154530.64136807504,
      "timestamp": 1759133331.489843,
      "metadata": {
        "execution_times": [
          0.006524291995447129,
          0.006418125005438924
        ],
        "memory_peaks": [
          32768,
          32768
        ],
        "iterations": 2
      }
    },
    {
      "backend_type": "cpu_numpy",
      "circuit_qubits": 15,
      "circuit_depth": 10,
      "shots": 1000,
      "execution_time": 1.1658114585006842,
      "memory_peak": 2375680,
      "throughput": 857.7716342624309,
      "timestamp": 1759133334.901184,
      "metadata": {
        "execution_times": [
          1.114980916987406,
          1.2166420000139624
        ],
        "memory_peaks": [
          3801088,
          950272
        ],
        "iterations": 2
      }
    },
    {
      "backend_type": "cpu_numpy",
      "circuit_qubits": 15,
      "circuit_depth": 50,
      "shots": 1000,
      "execution_time": 6.325386020485894,
      "memory_peak": 172032,
      "throughput": 158.09311823204484,
      "timestamp": 1759133353.791268,
      "metadata": {
        "execution_times": [
          6.429730249976274,
          6.221041790995514
        ],
        "memory_peaks": [
          180224,
          163840
        ],
        "iterations": 2
      }
    }
  ]
}